{
  "hrv_rmssd": {
    "median": 43.53770625774892,
    "iqr": 10.34512501105769
  },
  "hr_rest": {
    "median": 54.73703069450091,
    "iqr": 6.80966089423918
  },
  "sleep_duration": {
    "median": 7.069077170527468,
    "iqr": 0.7749945156744582
  },
  "sleep_quality": {
    "median": 70.33097063943735,
    "iqr": 15.629577619576352
  },
  "hr_mean": {
    "median": 143.86495669475306,
    "iqr": 10.420371129604064
  },
  "hr_drift": {
    "median": 0.1541920279459516,
    "iqr": 0.09596845472341721
  },
  "pace_mean": {
    "median": 3.0587895122504922,
    "iqr": 0.3921727632270482
  },
  "pace_hr_ratio": {
    "median": 0.02176868681092712,
    "iqr": 0.0031946225956682277
  },
  "duration": {
    "median": 47.46722873351344,
    "iqr": 14.908123488082168
  },
  "elevation_gain": {
    "median": 108.92528059890785,
    "iqr": 78.60188254154664
  },
  "training_load": {
    "median": 69.36328353128451,
    "iqr": 21.86530343568301
  },
  "is_rest_day": {
    "median": 0.0,
    "iqr": 1.0
  }
}